INSERT INTO db_storm (mars_year, sol, member_id, centroid_latitude, centroid_longitude, duration, mission_subphase, spread_latitude, spread_longitude, power, stone_damage) VALUES (29, 'B01', 1, 120.900, 28.8500, 90356.984, 'B01_001', 83.2500, 71.3500, 75, 0);
INSERT INTO db_storm (mars_year, sol, member_id, centroid_latitude, centroid_longitude, duration, mission_subphase, spread_latitude, spread_longitude, power, stone_damage) VALUES (29, 'B01', 2, 121.400, 29.6500, 156925.09, 'B01_001', 81.9500, 66.8500, 50, 0);
INSERT INTO db_storm (mars_year, sol, member_id, centroid_latitude, centroid_longitude, duration, mission_subphase, spread_latitude, spread_longitude, power, stone_damage) VALUES (29, 'B01', 2, 121.400, -117.050, 35037.652, 'B01_004', -5.45000, -9.95000, 100, 0);
INSERT INTO db_storm (mars_year, sol, member_id, centroid_latitude, centroid_longitude, duration, mission_subphase, spread_latitude, spread_longitude, power, stone_damage) VALUES (29, 'B01', 3, 121.800, 36.0500, 209257.09, 'B01_001', 77.4500, 64.7500, 50, 0);
INSERT INTO db_storm (mars_year, sol, member_id, centroid_latitude, centroid_longitude, duration, mission_subphase, spread_latitude, spread_longitude, power, stone_damage) VALUES (29, 'B01', 3, 121.800, -146.550, 186898.53, 'B01_006', 84.2500, 70.0500, 50, 0);
INSERT INTO db_storm (mars_year, sol, member_id, centroid_latitude, centroid_longitude, duration, mission_subphase, spread_latitude, spread_longitude, power, stone_damage) VALUES (29, 'B01', 4, 122.300, -142.250, 342425.94, 'B01_006', 84.8500, 70.3500, 50, 0);
INSERT INTO db_storm (mars_year, sol, member_id, centroid_latitude, centroid_longitude, duration, mission_subphase, spread_latitude, spread_longitude, power, stone_damage) VALUES (29, 'B01', 4, 122.300, -60.1500, 46494.668, 'B01_003', 74.6500, 68.1500, 100, 0);
INSERT INTO db_storm (mars_year, sol, member_id, centroid_latitude, centroid_longitude, duration, mission_subphase, spread_latitude, spread_longitude, power, stone_damage) VALUES (29, 'B01', 5, 122.700, -49.3500, 877364.00, 'B01_003', 82.7500, 55.1500, 50, 0);
INSERT INTO db_storm (mars_year, sol, member_id, centroid_latitude, centroid_longitude, duration, mission_subphase, spread_latitude, spread_longitude, power, stone_damage) VALUES (29, 'B01', 5, 122.700, -167.550, 194328.81, 'B01_005', 82.9500, 73.3500, 75, 0);
INSERT INTO db_storm (mars_year, sol, member_id, centroid_latitude, centroid_longitude, duration, mission_subphase, spread_latitude, spread_longitude, power, stone_damage) VALUES (29, 'B01', 6, 123.100, -50.5500, 1388181.6, 'B01_003', 83.7500, 53.2500, 50, 0);
INSERT INTO db_storm (mars_year, sol, member_id, centroid_latitude, centroid_longitude, duration, mission_subphase, spread_latitude, spread_longitude, power, stone_damage) VALUES (29, 'B01', 6, 123.100, -169.250, 240904.91, 'B01_005', 84.8500, 72.2500, 75, 0);
INSERT INTO db_storm (mars_year, sol, member_id, centroid_latitude, centroid_longitude, duration, mission_subphase, spread_latitude, spread_longitude, power, stone_damage) VALUES (29, 'B01', 7, 123.600, -47.1500, 1267101.5, 'B01_003', 81.2500, 44.5500, 50, 0);
INSERT INTO db_storm (mars_year, sol, member_id, centroid_latitude, centroid_longitude, duration, mission_subphase, spread_latitude, spread_longitude, power, stone_damage) VALUES (29, 'B01', 7, 123.600, -161.750, 223409.77, 'B01_005', 83.3500, 70.6500, 75, 0);
INSERT INTO db_storm (mars_year, sol, member_id, centroid_latitude, centroid_longitude, duration, mission_subphase, spread_latitude, spread_longitude, power, stone_damage) VALUES (29, 'B01', 8, 124.000, -55.1500, 979544.44, 'B01_003', 81.2500, 58.6500, 50, 0);
INSERT INTO db_storm (mars_year, sol, member_id, centroid_latitude, centroid_longitude, duration, mission_subphase, spread_latitude, spread_longitude, power, stone_damage) VALUES (29, 'B01', 8, 124.000, -153.850, 278184.16, 'B01_005', 81.3500, 71.6500, 50, 0);
INSERT INTO db_storm (mars_year, sol, member_id, centroid_latitude, centroid_longitude, duration, mission_subphase, spread_latitude, spread_longitude, power, stone_damage) VALUES (29, 'B01', 9, 124.500, -49.0500, 1139548.9, 'B01_003', 79.8500, 53.2500, 50, 0);
INSERT INTO db_storm (mars_year, sol, member_id, centroid_latitude, centroid_longitude, duration, mission_subphase, spread_latitude, spread_longitude, power, stone_damage) VALUES (29, 'B01', 10, 125.000, -42.8500, 617903.00, 'B01_003', 72.5500, 54.3500, 50, 0);
INSERT INTO db_storm (mars_year, sol, member_id, centroid_latitude, centroid_longitude, duration, mission_subphase, spread_latitude, spread_longitude, power, stone_damage) VALUES (29, 'B01', 11, 125.400, -36.5500, 646943.69, 'B01_003', 75.0500, 52.6500, 50, 0);
INSERT INTO db_storm (mars_year, sol, member_id, centroid_latitude, centroid_longitude, duration, mission_subphase, spread_latitude, spread_longitude, power, stone_damage) VALUES (29, 'B01', 12, 125.800, -103.250, 188883.70, 'B01_009', -10.9500, -19.7500, 100, 0);
INSERT INTO db_storm (mars_year, sol, member_id, centroid_latitude, centroid_longitude, duration, mission_subphase, spread_latitude, spread_longitude, power, stone_damage) VALUES (29, 'B01', 14, 126.700, 128.850, 256090.42, 'B01_008', 81.4500, 69.9500, 50, 0);
INSERT INTO db_storm (mars_year, sol, member_id, centroid_latitude, centroid_longitude, duration, mission_subphase, spread_latitude, spread_longitude, power, stone_damage) VALUES (29, 'B01', 14, 126.700, 25.2500, 205953.44, 'B01_002', -35.8500, -42.9500, 75, 0);
INSERT INTO db_storm (mars_year, sol, member_id, centroid_latitude, centroid_longitude, duration, mission_subphase, spread_latitude, spread_longitude, power, stone_damage) VALUES (29, 'B01', 15, 127.200, 147.650, 428395.44, 'B01_008', 78.7500, 67.8500, 50, 0);
INSERT INTO db_storm (mars_year, sol, member_id, centroid_latitude, centroid_longitude, duration, mission_subphase, spread_latitude, spread_longitude, power, stone_damage) VALUES (29, 'B01', 18, 128.400, -44.0500, 509083.56, 'B01_010', 71.5500, 51.2500, 50, 1);
INSERT INTO db_storm (mars_year, sol, member_id, centroid_latitude, centroid_longitude, duration, mission_subphase, spread_latitude, spread_longitude, power, stone_damage) VALUES (29, 'B01', 18, 128.400, 21.0500, 157491.11, 'B01_017', -36.4500, -43.1500, 75, 1);
INSERT INTO db_storm (mars_year, sol, member_id, centroid_latitude, centroid_longitude, duration, mission_subphase, spread_latitude, spread_longitude, power, stone_damage) VALUES (29, 'B01', 19, 128.900, 29.5500, 35856.617, 'B01_017', -36.2500, -39.1500, 75, 0);
INSERT INTO db_storm (mars_year, sol, member_id, centroid_latitude, centroid_longitude, duration, mission_subphase, spread_latitude, spread_longitude, power, stone_damage) VALUES (29, 'B01', 20, 129.400, -91.9500, 1343.6617, 'B01_011', -20.1500, -20.9500, 100, 0);
INSERT INTO db_storm (mars_year, sol, member_id, centroid_latitude, centroid_longitude, duration, mission_subphase, spread_latitude, spread_longitude, power, stone_damage) VALUES (29, 'B01', 24, 131.200, 37.5500, 228938.06, 'B01_007', -34.6500, -45.1500, 50, 1);
INSERT INTO db_storm (mars_year, sol, member_id, centroid_latitude, centroid_longitude, duration, mission_subphase, spread_latitude, spread_longitude, power, stone_damage) VALUES (29, 'B01', 28, 133.000, -22.4500, 28879.043, 'B01_012', -31.9500, -35.8500, 75, 0);
INSERT INTO db_storm (mars_year, sol, member_id, centroid_latitude, centroid_longitude, duration, mission_subphase, spread_latitude, spread_longitude, power, stone_damage) VALUES (29, 'B01', 28, 133.000, 6.85001, 54687.711, 'B01_013', -40.8500, -44.5500, 75, 0);
INSERT INTO db_storm (mars_year, sol, member_id, centroid_latitude, centroid_longitude, duration, mission_subphase, spread_latitude, spread_longitude, power, stone_damage) VALUES (29, 'B01', 29, 133.400, 30.9500, 206503.39, 'B01_014', -32.5500, -43.0500, 50, 1);
INSERT INTO db_storm (mars_year, sol, member_id, centroid_latitude, centroid_longitude, duration, mission_subphase, spread_latitude, spread_longitude, power, stone_damage) VALUES (29, 'B01', 31, 134.400, -99.8500, 88252.352, 'B01_015', -7.14999, -13.9500, 75, 0);
INSERT INTO db_storm (mars_year, sol, member_id, centroid_latitude, centroid_longitude, duration, mission_subphase, spread_latitude, spread_longitude, power, stone_damage) VALUES (29, 'B01', 31, 134.400, 21.8500, 141555.06, 'B01_016', -41.3500, -46.1500, 50, 1);
INSERT INTO db_storm (mars_year, sol, member_id, centroid_latitude, centroid_longitude, duration, mission_subphase, spread_latitude, spread_longitude, power, stone_damage) VALUES (29, 'B01', 32, 134.800, 27.5500, 107235.59, 'B01_016', -41.9500, -45.5500, 50, 1);
INSERT INTO db_storm (mars_year, sol, member_id, centroid_latitude, centroid_longitude, duration, mission_subphase, spread_latitude, spread_longitude, power, stone_damage) VALUES (29, 'B02', 1, 135.300, 32.1500, 133621.84, 'B01_016', -39.8500, -45.3500, 50, 1);
INSERT INTO db_storm (mars_year, sol, member_id, centroid_latitude, centroid_longitude, duration, mission_subphase, spread_latitude, spread_longitude, power, stone_damage) VALUES (29, 'B02', 1, 135.300, -79.9500, 291360.47, 'B02_002', -19.6500, -28.4500, 75, 0);
INSERT INTO db_storm (mars_year, sol, member_id, centroid_latitude, centroid_longitude, duration, mission_subphase, spread_latitude, spread_longitude, power, stone_damage) VALUES (29, 'B02', 1, 135.300, -25.9500, 306463.44, 'B02_012', -33.6500, -43.7500, 75, 0);
INSERT INTO db_storm (mars_year, sol, member_id, centroid_latitude, centroid_longitude, duration, mission_subphase, spread_latitude, spread_longitude, power, stone_damage) VALUES (29, 'B02', 1, 135.300, -72.9500, 441562.22, 'B02_003', -7.05000, -21.4500, 100, 0);
INSERT INTO db_storm (mars_year, sol, member_id, centroid_latitude, centroid_longitude, duration, mission_subphase, spread_latitude, spread_longitude, power, stone_damage) VALUES (29, 'B02', 1, 135.300, -55.2500, 276998.16, 'B02_008', -8.45000, -20.0500, 100, 0);
INSERT INTO db_storm (mars_year, sol, member_id, centroid_latitude, centroid_longitude, duration, mission_subphase, spread_latitude, spread_longitude, power, stone_damage) VALUES (29, 'B02', 1, 135.300, -39.3500, 477812.00, 'B02_010', -19.3500, -37.3500, 75, 0);
INSERT INTO db_storm (mars_year, sol, member_id, centroid_latitude, centroid_longitude, duration, mission_subphase, spread_latitude, spread_longitude, power, stone_damage) VALUES (29, 'B02', 2, 135.800, 35.2500, 230865.30, 'B01_016', -34.6500, -44.9500, 50, 1);
INSERT INTO db_storm (mars_year, sol, member_id, centroid_latitude, centroid_longitude, duration, mission_subphase, spread_latitude, spread_longitude, power, stone_damage) VALUES (29, 'B02', 2, 135.800, 66.5500, 142513.47, 'B02_004', -31.3500, -38.5500, 75, 0);

INSERT INTO db_speciality (Name) VALUES ('Astrobiology');
INSERT INTO db_speciality (Name) VALUES ('Astronautics');
INSERT INTO db_speciality (Name) VALUES ('Geology');
INSERT INTO db_speciality (Name) VALUES ('Space Medicine');
INSERT INTO db_speciality (Name) VALUES ('Botany');
INSERT INTO db_speciality (Name) VALUES ('Engineering');
INSERT INTO db_speciality (Name) VALUES ('Exobiology');
INSERT INTO db_speciality (Name) VALUES ('Planetary Science');
INSERT INTO db_speciality (Name) VALUES ('Mars Colonization');
INSERT INTO db_speciality (Name) VALUES ('Remote Sensing');

INSERT INTO db_staff (Name, Surname, Speciality_ID, Traits) VALUES ('John', 'Smith', 1, 'Analytical, Detail-oriented');
INSERT INTO db_staff (Name, Surname, Speciality_ID, Traits) VALUES ('Emma', 'Johnson', 2, 'Team Player, Problem Solver');
INSERT INTO db_staff (Name, Surname, Speciality_ID, Traits) VALUES ('Michael', 'Williams', 3, 'Adaptable, Field Experience');
INSERT INTO db_staff (Name, Surname, Speciality_ID, Traits) VALUES ('Jessica', 'Brown', 4, 'Empathetic, Crisis Management');
INSERT INTO db_staff (Name, Surname, Speciality_ID, Traits) VALUES ('David', 'Jones', 5, 'Organized, Green Thumb');
INSERT INTO db_staff (Name, Surname, Speciality_ID, Traits) VALUES ('Sarah', 'Davis', 6, 'Innovative, Problem Solver');
INSERT INTO db_staff (Name, Surname, Speciality_ID, Traits) VALUES ('Christopher', 'Miller', 7, 'Detail-oriented, Analytical');
INSERT INTO db_staff (Name, Surname, Speciality_ID, Traits) VALUES ('Ashley', 'Wilson', 8, 'Creative, Detail-oriented');
INSERT INTO db_staff (Name, Surname, Speciality_ID, Traits) VALUES ('Matthew', 'Taylor', 9, 'Adaptable, Field Experience');
INSERT INTO db_staff (Name, Surname, Speciality_ID, Traits) VALUES ('Emily', 'Anderson', 10, 'Organized, Crisis Management');
INSERT INTO db_staff (Name, Surname, Speciality_ID, Traits) VALUES ('Daniel', 'Martinez', 1, 'Curious, Problem Solver');
INSERT INTO db_staff (Name, Surname, Speciality_ID, Traits) VALUES ('Olivia', 'Garcia', 2, 'Detail-oriented, Analytical');
INSERT INTO db_staff (Name, Surname, Speciality_ID, Traits) VALUES ('Alexander', 'Rodriguez', 3, 'Innovative, Team Player');
INSERT INTO db_staff (Name, Surname, Speciality_ID, Traits) VALUES ('Sophia', 'Hernandez', 4, 'Empathetic, Quick Thinker');
INSERT INTO db_staff (Name, Surname, Speciality_ID, Traits) VALUES ('Ethan', 'Lopez', 5, 'Adaptable, Problem Solver');
INSERT INTO db_staff (Name, Surname, Speciality_ID, Traits) VALUES ('Isabella', 'Martinez', 6, 'Detail-oriented, Field Experience');
INSERT INTO db_staff (Name, Surname, Speciality_ID, Traits) VALUES ('Mason', 'Gonzalez', 7, 'Analytical, Green Thumb');
INSERT INTO db_staff (Name, Surname, Speciality_ID, Traits) VALUES ('Ava', 'Wilson', 8, 'Creative, Team Player');
INSERT INTO db_staff (Name, Surname, Speciality_ID, Traits) VALUES ('Jacob', 'Perez', 9, 'Adaptable, Crisis Management');
INSERT INTO db_staff (Name, Surname, Speciality_ID, Traits) VALUES ('Mia', 'Sanchez', 10, 'Organized, Problem Solver');
INSERT INTO db_staff (Name, Surname, Speciality_ID, Traits) VALUES ('William', 'Smith', 1, 'Detail-oriented, Analytical');
INSERT INTO db_staff (Name, Surname, Speciality_ID, Traits) VALUES ('Sophia', 'Johnson', 2, 'Innovative, Quick Thinker');
INSERT INTO db_staff (Name, Surname, Speciality_ID, Traits) VALUES ('James', 'Brown', 3, 'Adaptable, Team Player');
INSERT INTO db_staff (Name, Surname, Speciality_ID, Traits) VALUES ('Emily', 'Jones', 4, 'Empathetic, Crisis Management');
INSERT INTO db_staff (Name, Surname, Speciality_ID, Traits) VALUES ('Benjamin', 'Davis', 5, 'Detail-oriented, Analytical');
INSERT INTO db_staff (Name, Surname, Speciality_ID, Traits) VALUES ('Avery', 'Miller', 6, 'Curious, Problem Solver');
INSERT INTO db_staff (Name, Surname, Speciality_ID, Traits) VALUES ('Daniel', 'Wilson', 7, 'Innovative, Field Experience');
INSERT INTO db_staff (Name, Surname, Speciality_ID, Traits) VALUES ('Madison', 'Taylor', 8, 'Organized, Team Player');
INSERT INTO db_staff (Name, Surname, Speciality_ID, Traits) VALUES ('Alexander', 'Anderson', 9, 'Adaptable, Green Thumb');
INSERT INTO db_staff (Name, Surname, Speciality_ID, Traits) VALUES ('Chloe', 'Martinez', 10, 'Detail-oriented, Quick Thinker');
INSERT INTO db_staff (Name, Surname, Speciality_ID, Traits) VALUES ('Ryan', 'Garcia', 1, 'Creative, Crisis Management');
INSERT INTO db_staff (Name, Surname, Speciality_ID, Traits) VALUES ('Lily', 'Rodriguez', 2, 'Analytical, Team Player');
INSERT INTO db_staff (Name, Surname, Speciality_ID, Traits) VALUES ('Jack', 'Hernandez', 3, 'Innovative, Problem Solver');
INSERT INTO db_staff (Name, Surname, Speciality_ID, Traits) VALUES ('Charlotte', 'Lopez', 4, 'Empathetic, Quick Thinker');
INSERT INTO db_staff (Name, Surname, Speciality_ID, Traits) VALUES ('Michael', 'Martinez', 5, 'Detail-oriented, Analytical');
INSERT INTO db_staff (Name, Surname, Speciality_ID, Traits) VALUES ('Grace', 'Gonzalez', 6, 'Innovative, Field Experience');
INSERT INTO db_staff (Name, Surname, Speciality_ID, Traits) VALUES ('Jacob', 'Wilson', 7, 'Adaptable, Team Player');
INSERT INTO db_staff (Name, Surname, Speciality_ID, Traits) VALUES ('Amelia', 'Perez', 8, 'Detail-oriented, Problem Solver');
INSERT INTO db_staff (Name, Surname, Speciality_ID, Traits) VALUES ('Daniel', 'Sanchez', 9, 'Innovative, Crisis_ID Management');
INSERT INTO db_staff (Name, Surname, Speciality_ID, Traits) VALUES ('Elizabeth', 'Smith', 10, 'Organized, Analytical');

INSERT INTO db_partsusage (Installation_ID, Part_ID) VALUES (1, 1);
INSERT INTO db_partsusage (Installation_ID, Part_ID) VALUES (2, 2);
INSERT INTO db_partsusage (Installation_ID, Part_ID) VALUES (3, 3);
INSERT INTO db_partsusage (Installation_ID, Part_ID) VALUES (4, 4);
INSERT INTO db_partsusage (Installation_ID, Part_ID) VALUES (5, 5);
INSERT INTO db_partsusage (Installation_ID, Part_ID) VALUES (6, 6);
INSERT INTO db_partsusage (Installation_ID, Part_ID) VALUES (7, 7);
INSERT INTO db_partsusage (Installation_ID, Part_ID) VALUES (8, 8);
INSERT INTO db_partsusage (Installation_ID, Part_ID) VALUES (9, 9);
INSERT INTO db_partsusage (Installation_ID, Part_ID) VALUES (10, 10);
INSERT INTO db_partsusage (Installation_ID, Part_ID) VALUES (11, 11);
INSERT INTO db_partsusage (Installation_ID, Part_ID) VALUES (12, 12);
INSERT INTO db_partsusage (Installation_ID, Part_ID) VALUES (13, 13);
INSERT INTO db_partsusage (Installation_ID, Part_ID) VALUES (14, 14);
INSERT INTO db_partsusage (Installation_ID, Part_ID) VALUES (15, 15);
INSERT INTO db_partsusage (Installation_ID, Part_ID) VALUES (16, 16);
INSERT INTO db_partsusage (Installation_ID, Part_ID) VALUES (17, 17);
INSERT INTO db_partsusage (Installation_ID, Part_ID) VALUES (18, 18);
INSERT INTO db_partsusage (Installation_ID, Part_ID) VALUES (19, 19);

INSERT INTO db_conservationschedule (Staff_ID, Start_Time, End_Time) VALUES (1, '2023-09-15 08:30:00', '2023-09-15 12:45:00');
INSERT INTO db_conservationschedule (Staff_ID, Start_Time, End_Time) VALUES (2, '2023-09-20 10:15:00', '2023-09-20 15:30:00');
INSERT INTO db_conservationschedule (Staff_ID, Start_Time, End_Time) VALUES (3, '2023-11-05 09:00:00', '2023-11-05 11:45:00');
INSERT INTO db_conservationschedule (Staff_ID, Start_Time, End_Time) VALUES (4, '2023-08-25 11:30:00', '2023-08-25 14:45:00');
INSERT INTO db_conservationschedule (Staff_ID, Start_Time, End_Time) VALUES (5, '2023-12-01 08:00:00', '2023-12-01 12:15:00');
INSERT INTO db_conservationschedule (Staff_ID, Start_Time, End_Time) VALUES (6, '2023-07-17 07:45:00', '2023-07-17 11:30:00');
INSERT INTO db_conservationschedule (Staff_ID, Start_Time, End_Time) VALUES (7, '2023-05-30 09:30:00', '2023-05-30 13:45:00');
INSERT INTO db_conservationschedule (Staff_ID, Start_Time, End_Time) VALUES (8, '2023-04-22 12:00:00', '2023-04-22 16:15:00');
INSERT INTO db_conservationschedule (Staff_ID, Start_Time, End_Time) VALUES (9, '2023-06-10 10:45:00', '2023-06-10 15:30:00');
INSERT INTO db_conservationschedule (Staff_ID, Start_Time, End_Time) VALUES (10, '2023-03-05 08:15:00', '2023-03-05 13:00:00');

INSERT INTO db_damage (Part_id, Presumpted_Or_Reported, Queued_Task_ID, Cause_ID, Severity) VALUES (1, 1, 2, 14, 3);
INSERT INTO db_damage (Part_id, Presumpted_Or_Reported, Queued_Task_ID, Cause_ID, Severity) VALUES (2, 1, 6, 14, 2);
INSERT INTO db_damage (Part_id, Presumpted_Or_Reported, Queued_Task_ID, Cause_ID, Severity) VALUES (3, 1, 4, 6, 4);
INSERT INTO db_damage (Part_id, Presumpted_Or_Reported, Queued_Task_ID, Cause_ID, Severity) VALUES (4, 1, 1, 9, 1);
INSERT INTO db_damage (Part_id, Presumpted_Or_Reported, Queued_Task_ID, Cause_ID, Severity) VALUES (5, 1, 10, 5, 2);
INSERT INTO db_damage (Part_id, Presumpted_Or_Reported, Queued_Task_ID, Cause_ID, Severity) VALUES (6, 1, 4, 5, 3);
INSERT INTO db_damage (Part_id, Presumpted_Or_Reported, Queued_Task_ID, Cause_ID, Severity) VALUES (7, 1, 5, 6, 4);
INSERT INTO db_damage (Part_id, Presumpted_Or_Reported, Queued_Task_ID, Cause_ID, Severity) VALUES (8, 1, 7, 8, 1);
INSERT INTO db_damage (Part_id, Presumpted_Or_Reported, Queued_Task_ID, Cause_ID, Severity) VALUES (9, 1, 8, 8, 2);
INSERT INTO db_damage (Part_id, Presumpted_Or_Reported, Queued_Task_ID, Cause_ID, Severity) VALUES (10, 1, 9, 9, 3);
INSERT INTO db_damage (Part_id, Presumpted_Or_Reported, Queued_Task_ID, Cause_ID, Severity) VALUES (11, 1, 3, 9, 4);
INSERT INTO db_damage (Part_id, Presumpted_Or_Reported, Queued_Task_ID, Cause_ID, Severity) VALUES (12, 1, 6, 9, 1);
INSERT INTO db_damage (Part_id, Presumpted_Or_Reported, Queued_Task_ID, Cause_ID, Severity) VALUES (13, 1, 1, 4, 2);
INSERT INTO db_damage (Part_id, Presumpted_Or_Reported, Queued_Task_ID, Cause_ID, Severity) VALUES (14, 1, 10, 16, 3);
INSERT INTO db_damage (Part_id, Presumpted_Or_Reported, Queued_Task_ID, Cause_ID, Severity) VALUES (15, 1, 2, 19, 4);
INSERT INTO db_damage (Part_id, Presumpted_Or_Reported, Queued_Task_ID, Cause_ID, Severity) VALUES (16, 1, 5, 19, 1);
INSERT INTO db_damage (Part_id, Presumpted_Or_Reported, Queued_Task_ID, Cause_ID, Severity) VALUES (17, 1, 6, 15, 2);
INSERT INTO db_damage (Part_id, Presumpted_Or_Reported, Queued_Task_ID, Cause_ID, Severity) VALUES (18, 1, 3, 15, 3);
INSERT INTO db_damage (Part_id, Presumpted_Or_Reported, Queued_Task_ID, Cause_ID, Severity) VALUES (19, 1, 9, 7, 4);
INSERT INTO db_damage (Part_id, Presumpted_Or_Reported, Queued_Task_ID, Cause_ID, Severity) VALUES (20, 1, 7, 11, 1);

-- Inserting data into db_sector table
INSERT INTO db_sector (name, description, max_latitude, max_longitude, min_latitude, min_longitude) VALUES ('Northern Plains', 'db_sector covering the northern lowlands of Mars', 120, 20, 121, 30);
INSERT INTO db_sector (name, description, max_latitude, max_longitude, min_latitude, min_longitude) VALUES ('Equatorial Highlands', 'db_sector covering the equatorial regions of Mars', 121, 30, 122, 40);
INSERT INTO db_sector (name, description, max_latitude, max_longitude, min_latitude, min_longitude) VALUES ('Southern Highlands', 'db_sector covering the southern highlands of Mars', 122, -150, 123, -140);
INSERT INTO db_sector (name, description, max_latitude, max_longitude, min_latitude, min_longitude) VALUES ('Polar Ice Caps', 'db_sector covering the polar regions of Mars', 122, -50, 123, -40);
INSERT INTO db_sector (name, description, max_latitude, max_longitude, min_latitude, min_longitude) VALUES ('Valles Marineris', 'db_sector including the Valles Marineris canyon system', 123, -50, 124, -40);
INSERT INTO db_sector (name, description, max_latitude, max_longitude, min_latitude, min_longitude) VALUES ('Tharsis Region', 'db_sector dominated by volcanic activity in Tharsis', 124, -50, 125, -40);
INSERT INTO db_sector (name, description, max_latitude, max_longitude, min_latitude, min_longitude) VALUES ('Hellas Basin', 'db_sector around the Hellas impact crater', 125, -50, 126, -40);
INSERT INTO db_sector (name, description, max_latitude, max_longitude, min_latitude, min_longitude) VALUES ('Argyre Basin', 'db_sector around the Argyre impact crater', 125, -160, 126, -150);
INSERT INTO db_sector (name, description, max_latitude, max_longitude, min_latitude, min_longitude) VALUES ('Elysium Planitia', 'db_sector covering the Elysium volcanic region', 126, 120, 127, 130);
INSERT INTO db_sector (name, description, max_latitude, max_longitude, min_latitude, min_longitude) VALUES ('Amazonis Planitia', 'db_sector in the Amazonis Planitia lowland', 126, 20, 127, 30);
INSERT INTO db_sector (name, description, max_latitude, max_longitude, min_latitude, min_longitude) VALUES ('Utopia Planitia', 'db_sector in the northern Utopia plain', 127, 140, 128, 150);
INSERT INTO db_sector (name, description, max_latitude, max_longitude, min_latitude, min_longitude) VALUES ('Isidis Planitia', 'db_sector in the Isidis basin', 128, 20, 129, 30);
INSERT INTO db_sector (name, description, max_latitude, max_longitude, min_latitude, min_longitude) VALUES ('Acidalia Planitia', 'db_sector in the Acidalia plain', 129, -100, 130, -90);
INSERT INTO db_sector (name, description, max_latitude, max_longitude, min_latitude, min_longitude) VALUES ('Chryse Planitia', 'db_sector in the Chryse basin', 130, 0, 131, 10);
INSERT INTO db_sector (name, description, max_latitude, max_longitude, min_latitude, min_longitude) VALUES ('Noachis Terra', 'db_sector in the ancient Noachian terrain', 131, 30, 132, 40);
INSERT INTO db_sector (name, description, max_latitude, max_longitude, min_latitude, min_longitude) VALUES ('Promethei Planum', 'db_sector in the Promethei Planum region', 132, 70, 133, 80);
INSERT INTO db_sector (name, description, max_latitude, max_longitude, min_latitude, min_longitude) VALUES ('Daedalia Planum', 'db_sector near Daedalia Planum volcanic plains', 133, -30, 134, -20);
INSERT INTO db_sector (name, description, max_latitude, max_longitude, min_latitude, min_longitude) VALUES ('Aonia Terra', 'db_sector in the Aonia highlands', 133, 0, 134, 10);
INSERT INTO db_sector (name, description, max_latitude, max_longitude, min_latitude, min_longitude) VALUES ('Mare Acidalium', 'db_sector around the Mare Acidalium region', 134, 20, 135, 30);
INSERT INTO db_sector (name, description, max_latitude, max_longitude, min_latitude, min_longitude) VALUES ('Terra Sirenum', 'db_sector in the Terra Sirenum highlands', 135, -80, 136, -70);

INSERT INTO db_part (Part_id, Installation_id, name) VALUES (1, 1, 'Solar Panel Array A');
INSERT INTO db_part (Part_id, Installation_id, name) VALUES (2, 2, 'Communication Relay B');
INSERT INTO db_part (Part_id, Installation_id, name) VALUES (3, 3, 'Thermal Radiator C');
INSERT INTO db_part (Part_id, Installation_id, name) VALUES (4, 4, 'Habitat Dome D');
INSERT INTO db_part (Part_id, Installation_id, name) VALUES (5, 5, 'Navigation Antenna E');
INSERT INTO db_part (Part_id, Installation_id, name) VALUES (6, 6, 'Power Unit F');
INSERT INTO db_part (Part_id, Installation_id, name) VALUES (7, 7, 'Scientific Instrument G');
INSERT INTO db_part (Part_id, Installation_id, name) VALUES (8, 8, 'Weather Sensor H');
INSERT INTO db_part (Part_id, Installation_id, name) VALUES (9, 9, 'Rover Charging Station I');
INSERT INTO db_part (Part_id, Installation_id, name) VALUES (10, 10, 'Oxygen Generator J');
INSERT INTO db_part (Part_id, Installation_id, name) VALUES (11, 11, 'Waste Recycling Unit K');
INSERT INTO db_part (Part_id, Installation_id, name) VALUES (12, 12, 'Water Extraction Module L');
INSERT INTO db_part (Part_id, Installation_id, name) VALUES (13, 13, 'Energy Storage Unit M');
INSERT INTO db_part (Part_id, Installation_id, name) VALUES (14, 14, 'Data Processing Center N');
INSERT INTO db_part (Part_id, Installation_id, name) VALUES (15, 15, 'Wind Turbine O');
INSERT INTO db_part (Part_id, Installation_id, name) VALUES (16, 16, 'Cooling System P');
INSERT INTO db_part (Part_id, Installation_id, name) VALUES (17, 17, 'Soil Analysis Kit Q');
INSERT INTO db_part (Part_id, Installation_id, name) VALUES (18, 18, 'Atmospheric Probe R');
INSERT INTO db_part (Part_id, Installation_id, name) VALUES (19, 19, 'Radiation Shield S');
INSERT INTO db_part (Part_id, Installation_id, name) VALUES (20, 20, 'Beacon Transmitter T');

INSERT INTO db_installation (Installation_id, name, Sector_ID) VALUES (1, 'Base Alpha', 1);
INSERT INTO db_installation (Installation_id, name, Sector_ID) VALUES (2, 'Base Beta', 2);
INSERT INTO db_installation (Installation_id, name, Sector_ID) VALUES (3, 'Base Gamma', 3);
INSERT INTO db_installation (Installation_id, name, Sector_ID) VALUES (4, 'Base Delta', 4);
INSERT INTO db_installation (Installation_id, name, Sector_ID) VALUES (5, 'Base Epsilon', 5);
INSERT INTO db_installation (Installation_id, name, Sector_ID) VALUES (6, 'Base Zeta', 6);
INSERT INTO db_installation (Installation_id, name, Sector_ID) VALUES (7, 'Base Eta', 7);
INSERT INTO db_installation (Installation_id, name, Sector_ID) VALUES (8, 'Base Theta', 8);
INSERT INTO db_installation (Installation_id, name, Sector_ID) VALUES (9, 'Base Iota', 9);
INSERT INTO db_installation (Installation_id, name, Sector_ID) VALUES (10, 'Base Kappa', 10);
INSERT INTO db_installation (Installation_id, name, Sector_ID) VALUES (11, 'Base Lambda', 11);
INSERT INTO db_installation (Installation_id, name, Sector_ID) VALUES (12, 'Base Mu', 12);
INSERT INTO db_installation (Installation_id, name, Sector_ID) VALUES (13, 'Base Nu', 13);
INSERT INTO db_installation (Installation_id, name, Sector_ID) VALUES (14, 'Base Xi', 14);
INSERT INTO db_installation (Installation_id, name, Sector_ID) VALUES (15, 'Base Omicron', 15);
INSERT INTO db_installation (Installation_id, name, Sector_ID) VALUES (16, 'Base Pi', 16);
INSERT INTO db_installation (Installation_id, name, Sector_ID) VALUES (17, 'Base Rho', 17);
INSERT INTO db_installation (Installation_id, name, Sector_ID) VALUES (18, 'Base Sigma', 18);
INSERT INTO db_installation (Installation_id, name, Sector_ID) VALUES (19, 'Base Tau', 19);
INSERT INTO db_installation (Installation_id, name, Sector_ID) VALUES (20, 'Base Upsilon', 20);